sample_id,weld_id,image_group,fold,target_codes_json,prob_flash,prob_blur,prob_tunnel
mat-002-ac675b0d,2,实验照片_1.jpg,0,[],0.27766790986061096,0.3091708719730377,0.02834605984389782
mat-019-fe467656,19,实验照片_5.jpg,4,"[""pore""]",0.47443583607673645,0.25722381472587585,0.5388224124908447
mat-023-dcb1fec8,23,实验照片_6.jpg,3,"[""flash""]",0.2357039600610733,0.09922480583190918,0.052541349083185196
mat-024-38e64218,24,实验照片_6.jpg,3,"[""flash""]",0.21396300196647644,0.035426344722509384,0.045570679008960724
mat-026-114a6d3a,26,实验照片_6.jpg,3,"[""flash""]",0.3333851099014282,0.06941812485456467,0.18248237669467926
mat-027-768a0800,27,实验照片_6.jpg,3,"[""flash""]",0.6068761944770813,0.08651170879602432,0.4634644389152527
mat-028-56ec1d18,28,实验照片_7.jpg,1,"[""flash""]",0.34079453349113464,0.2888488173484802,0.047049473971128464
mat-030-cba8bf9a,30,实验照片_7.jpg,1,"[""flash""]",0.3558562099933624,0.19816550612449646,0.06772169470787048
mat-031-e4a00ae8,31,实验照片_7.jpg,1,"[""flash""]",0.5729144811630249,0.22493287920951843,0.19781991839408875
mat-032-e9179953,32,实验照片_7.jpg,1,"[""flash""]",0.5377907752990723,0.18975530564785004,0.06844388693571091
mat-033-cb929c51,33,实验照片_8.jpg,2,"[""flash"",""tunnel""]",0.7185899019241333,0.17055489122867584,0.010755822993814945
mat-034-f67cb2a7,34,实验照片_8.jpg,2,"[""flash"",""tunnel""]",0.7044219970703125,0.22088506817817688,0.008614717051386833
mat-035-a9ca8360,35,实验照片_8.jpg,2,"[""flash"",""tunnel""]",0.8120048642158508,0.21504910290241241,0.024315055459737778
mat-036-c584d237,36,实验照片_8.jpg,2,"[""flash""]",0.7968845367431641,0.15909326076507568,0.014887274242937565
mat-037-ffa2e9aa,37,实验照片_8.jpg,2,"[""flash""]",0.7453925013542175,0.3649592101573944,0.03145591914653778
mat-038-50fb15fe,38,实验照片_9.jpg,4,"[""flash""]",0.5318524837493896,0.16730616986751556,0.870331346988678
mat-039-56c8e688,39,实验照片_9.jpg,4,"[""flash""]",0.5553165078163147,0.1505875289440155,0.8844193816184998
mat-040-fc178ac1,40,实验照片_9.jpg,4,"[""flash""]",0.532848060131073,0.0500546395778656,0.8631242513656616
mat-041-4df0fd1c,41,实验照片_9.jpg,4,"[""flash""]",0.5378273725509644,0.04370992258191109,0.8911831378936768
mat-042-7bffd6c1,42,实验照片_9.jpg,4,"[""flash""]",0.5289434790611267,0.06650447845458984,0.7924336194992065
mat-043-002c6acb,43,实验照片_10.jpg,0,"[""flash""]",0.257423996925354,0.3952436149120331,0.022144367918372154
mat-044-b4678e59,44,实验照片_10.jpg,0,"[""flash""]",0.27172163128852844,0.15831704437732697,0.030622024089097977
mat-045-8c20fefc,45,实验照片_10.jpg,0,"[""flash""]",0.25831276178359985,0.7344655990600586,0.017342137172818184
mat-047-17e982e7,47,实验照片_10.jpg,0,"[""flash""]",0.31820204854011536,0.3720788359642029,0.03411641716957092
mat-049-69d6f1ab,49,实验照片_11.jpg,4,"[""blur"",""flash""]",0.6000232100486755,0.8765473365783691,0.6177390813827515
mat-050-6f0b9a75,50,实验照片_11.jpg,4,"[""blur"",""flash""]",0.49033671617507935,0.07221099734306335,0.22913992404937744
mat-051-0cdea8cf,51,实验照片_11.jpg,4,"[""blur"",""flash""]",0.5488728880882263,0.08686569333076477,0.561721682548523
mat-052-301ede47,52,实验照片_11.jpg,4,"[""blur"",""flash""]",0.6006988286972046,0.19594839215278625,0.5151144862174988
mat-054-5fc88eea,54,实验照片_12.jpg,1,"[""blur"",""flash"",""tunnel""]",0.5951817035675049,0.6890968680381775,0.6655593514442444
mat-056-aa006953,56,实验照片_12.jpg,1,"[""blur"",""flash"",""tunnel""]",0.737013041973114,0.918565034866333,0.5553441047668457
mat-057-2a430081,57,实验照片_12.jpg,1,"[""blur"",""flash"",""tunnel""]",0.8469454646110535,0.9313972592353821,0.9111243486404419
mat-058-c93de26c,58,实验照片_13.jpg,0,"[""blur"",""flash"",""tunnel""]",0.5648812055587769,0.34420767426490784,0.2862100899219513
mat-059-467b78a7,59,实验照片_13.jpg,0,"[""blur"",""flash"",""tunnel""]",0.7315993905067444,0.36746135354042053,0.6078836917877197
mat-061-57c31f42,61,实验照片_13.jpg,0,"[""blur"",""flash"",""tunnel""]",0.8786765336990356,0.7609578371047974,0.8948196172714233
mat-062-03f35d94,62,实验照片_13.jpg,0,"[""blur"",""flash"",""tunnel""]",0.6817023754119873,0.8804464936256409,0.3989224433898926
mat-063-b1e2b6ee,63,实验照片_14.jpg,3,"[""flash""]",0.8890424370765686,0.9383014440536499,0.613673746585846
mat-064-1595f64c,64,实验照片_14.jpg,3,"[""flash""]",0.8965786099433899,0.9208954572677612,0.7158984541893005
mat-065-eff637fc,65,实验照片_14.jpg,3,"[""flash""]",0.8980298042297363,0.9574502110481262,0.254324346780777
mat-066-c6a68df7,66,实验照片_14.jpg,3,"[""flash""]",0.9157872200012207,0.5010185837745667,0.687652587890625
mat-067-367f69ef,67,实验照片_14.jpg,3,"[""flash""]",0.8992385268211365,0.37144550681114197,0.8844731450080872
mat-068-e465a6d7,68,实验照片_15.jpg,4,"[""blur"",""flash""]",0.6196482181549072,0.781293511390686,0.1443764567375183
mat-069-63e620d2,69,实验照片_15.jpg,4,"[""blur"",""flash""]",0.5146989226341248,0.7481744885444641,0.06475316733121872
mat-070-e8e7616f,70,实验照片_15.jpg,4,"[""blur"",""flash""]",0.4615294635295868,0.5722959637641907,0.030880099162459373
mat-071-f5087840,71,实验照片_15.jpg,4,"[""blur"",""flash""]",0.5327606201171875,0.46925926208496094,0.0705346167087555
mat-072-0149cc63,72,实验照片_15.jpg,4,"[""blur"",""flash""]",0.5658521056175232,0.3535499572753906,0.4561045467853546
mat-073-df7cf217,73,实验照片_16.jpg,2,"[""blur"",""flash""]",0.5881860852241516,0.7302336096763611,0.02995576336979866
mat-074-0c3876b4,74,实验照片_16.jpg,2,"[""blur"",""flash""]",0.6365306377410889,0.8419140577316284,0.0808788537979126
mat-075-04ba6901,75,实验照片_16.jpg,2,"[""blur"",""flash""]",0.4849260747432709,0.5337587594985962,0.01548808068037033
mat-077-2684503b,77,实验照片_16.jpg,2,"[""blur"",""flash""]",0.6476131081581116,0.6194466352462769,0.02986782044172287
mat-079-e1a8d0b3,79,实验照片_17.jpg,3,"[""blur"",""flash""]",0.7749271392822266,0.9479350447654724,0.03469718620181084
mat-080-0dc26185,80,实验照片_17.jpg,3,"[""blur"",""flash""]",0.8123100399971008,0.9469397664070129,0.020133478567004204
mat-081-55622e45,81,实验照片_17.jpg,3,"[""blur"",""flash""]",0.7445573806762695,0.5143845081329346,0.02117791213095188
mat-082-f7aa6cf5,82,实验照片_17.jpg,3,"[""blur"",""flash""]",0.5447529554367065,0.8605933785438538,0.01883530057966709
mat-083-8d52176c,83,实验照片_18.jpg,1,"[""blur"",""flash""]",0.7999199628829956,0.3795081079006195,0.7042564153671265
mat-085-42f1aa63,85,实验照片_18.jpg,1,"[""blur"",""flash""]",0.6488126516342163,0.869225025177002,0.10602276772260666
mat-086-54442f86,86,实验照片_18.jpg,1,"[""blur"",""flash""]",0.593071460723877,0.8306970596313477,0.06256431341171265
mat-087-0838f1b2,87,实验照片_18.jpg,1,"[""blur"",""flash""]",0.6273162961006165,0.8591970205307007,0.13557423651218414
mat-088-36551a72,88,实验照片_20.jpg,4,"[""blur""]",0.4698176980018616,0.7771382927894592,0.02894487790763378
mat-089-24d46f15,89,实验照片_20.jpg,4,"[""blur""]",0.4871309995651245,0.8470003008842468,0.048896003514528275
mat-090-9cb18be9,90,实验照片_20.jpg,4,"[""blur"",""flash""]",0.47235625982284546,0.8014251589775085,0.02667597122490406
mat-091-be7bef89,91,实验照片_20.jpg,4,"[""flash""]",0.46156126260757446,0.6993831992149353,0.20584368705749512
mat-092-7665fe86,92,实验照片_20.jpg,4,"[""flash""]",0.5008801221847534,0.7391597032546997,0.02105775661766529
mat-093-f85c8cd1,93,实验照片_21.jpg,0,"[""blur"",""flash""]",0.6530410051345825,0.9601778388023376,0.36959514021873474
mat-094-08efe4bb,94,实验照片_21.jpg,0,"[""blur""]",0.7256930470466614,0.7766247987747192,0.6607464551925659
mat-095-91b61057,95,实验照片_21.jpg,0,"[""blur"",""flash""]",0.3788107633590698,0.961361289024353,0.021641738712787628
mat-096-9fb5ae25,96,实验照片_21.jpg,0,"[""blur"",""flash""]",0.5242615938186646,0.9246659874916077,0.06221136078238487
mat-097-ec08f370,97,实验照片_21.jpg,0,"[""flash""]",0.48471954464912415,0.9393117427825928,0.041608285158872604
mat-098-e0b4e35c,98,实验照片_22.jpg,1,"[""blur"",""flash""]",0.7281171083450317,0.6195204257965088,0.7344672679901123
mat-099-11efa280,99,实验照片_22.jpg,1,"[""blur"",""flash""]",0.3994276225566864,0.8314669728279114,0.019518248736858368
mat-100-8513835b,100,实验照片_22.jpg,1,"[""blur"",""flash""]",0.3837851583957672,0.8205597996711731,0.01537938043475151
mat-101-3cda8b1b,101,实验照片_22.jpg,1,"[""blur"",""flash""]",0.515468955039978,0.8567444682121277,0.027693146839737892
mat-102-dd7bd871,102,实验照片_22.jpg,1,"[""flash""]",0.6151555776596069,0.8370112776756287,0.12702789902687073
mat-103-7af48be1,103,实验照片_23.jpg,2,"[""blur"",""flash""]",0.2906489670276642,0.397392213344574,0.0042070914059877396
mat-104-7db9c9d0,104,实验照片_23.jpg,2,"[""blur"",""flash""]",0.29744425415992737,0.42132967710494995,0.004907326307147741
mat-105-97f16555,105,实验照片_23.jpg,2,"[""blur"",""flash""]",0.2812289893627167,0.42148539423942566,0.0045460667461156845
mat-106-92da7f23,106,实验照片_23.jpg,2,"[""blur"",""flash""]",0.3122785687446594,0.48704782128334045,0.005011463537812233
mat-107-186f905c,107,实验照片_23.jpg,2,"[""blur"",""flash""]",0.3259488344192505,0.6863459348678589,0.009515319019556046
mat-108-7fdd86d4,108,实验照片_24.jpg,3,"[""blur"",""flash""]",0.13487866520881653,0.05181778967380524,0.04270818084478378
mat-109-7f253144,109,实验照片_24.jpg,3,"[""blur"",""flash""]",0.16604942083358765,0.029320575296878815,0.04237964004278183
mat-110-230ce7cd,110,实验照片_24.jpg,3,"[""blur"",""flash""]",0.5805737972259521,0.8501316905021667,0.010927845723927021
mat-111-58c1c8fa,111,实验照片_24.jpg,3,"[""blur"",""flash""]",0.6114440560340881,0.8717257380485535,0.014131559990346432
mat-112-d2b59b84,112,实验照片_24.jpg,3,"[""blur"",""flash""]",0.5908162593841553,0.935505211353302,0.019553210586309433
mat-113-d0e91b02,113,实验照片_25.jpg,0,"[""flash""]",0.3860715627670288,0.8621057868003845,0.03778207302093506
mat-114-16e2df80,114,实验照片_25.jpg,0,"[""flash""]",0.7744429707527161,0.8249399662017822,0.6437513828277588
mat-115-f95e45fe,115,实验照片_25.jpg,0,"[""flash""]",0.7228696346282959,0.15481506288051605,0.5334852337837219
mat-116-10c76567,116,实验照片_25.jpg,0,"[""blur"",""flash""]",0.8704145550727844,0.7864721417427063,0.8646687269210815
mat-117-8b7f197c,117,实验照片_25.jpg,0,"[""blur"",""flash""]",0.28542348742485046,0.7189034819602966,0.016736973077058792
mat-118-0f8026c1,118,实验照片_26.jpg,3,"[""blur""]",0.81524258852005,0.7785201668739319,0.0936535969376564
mat-119-306208a0,119,实验照片_26.jpg,3,"[""blur""]",0.805782675743103,0.7085421085357666,0.08432905375957489
mat-120-0bdeaa5d,120,实验照片_26.jpg,3,[],0.7249864339828491,0.4557467997074127,0.033138129860162735
mat-121-5a50ea8f,121,实验照片_26.jpg,3,[],0.8216566443443298,0.7342983484268188,0.05009143054485321
mat-122-ae7e916b,122,实验照片_26.jpg,3,"[""flash""]",0.8771742582321167,0.7695692181587219,0.2081577181816101
mat-123-8b341f98,123,实验照片_27.jpg,1,"[""flash""]",0.3472574055194855,0.15247681736946106,0.0464605838060379
mat-124-7a38520b,124,实验照片_27.jpg,1,"[""flash""]",0.31331950426101685,0.38231998682022095,0.028743796050548553
mat-125-aa2b967b,125,实验照片_27.jpg,1,"[""flash""]",0.7238631844520569,0.1039346382021904,0.30888131260871887
mat-126-9f596178,126,实验照片_27.jpg,1,"[""flash""]",0.4738050103187561,0.11599674075841904,0.08137623220682144
mat-127-04615070,127,实验照片_27.jpg,1,"[""flash""]",0.7004184722900391,0.08037713170051575,0.5556290149688721
mat-128-cc93ad37,128,实验照片_28.jpg,2,"[""flash""]",0.48746684193611145,0.13362187147140503,0.007563577499240637
mat-129-56f5f7cd,129,实验照片_28.jpg,2,"[""flash""]",0.7262568473815918,0.0912146121263504,0.011530953459441662
mat-130-cfd2cd34,130,实验照片_28.jpg,2,"[""flash""]",0.740074872970581,0.06674843281507492,0.01662883721292019
mat-131-86ff1404,131,实验照片_28.jpg,2,"[""flash""]",0.8172310590744019,0.06331520527601242,0.018405670300126076
